{
  "inbound": [
    {
      "localPort": 10808,
      "protocol": "socks",
      "udpEnabled": true,
      "sniffingEnabled": true
    }
  ],
  "logEnabled": false,
  "loglevel": "warning",
  "index": -1,
  "vmess": [],
  "muxEnabled": true,
  "domainStrategy": "IPIfNonMatch",
  "routingMode": "0",
  "useragent": [],
  "userdirect": [],
  "userblock": [],
  "kcpItem": {
    "mtu": 1350,
    "tti": 50,
    "uplinkCapacity": 12,
    "downlinkCapacity": 100,
    "congestion": false,
    "readBufferSize": 2,
    "writeBufferSize": 2
  },
  "listenerType": 0,
  "speedTestUrl": "http://speedtest-sgp1.digitalocean.com/10mb.test",
  "speedPingTestUrl": "https://www.google.com/generate_204",
  "urlGFWList": "https://raw.githubusercontent.com/gfwlist/gfwlist/master/gfwlist.txt",
  "allowLANConn": false,
  "enableStatistics": false,
  "keepOlderDedupl": false,
  "statisticsFreshRate": 2000,
  "remoteDNS": null,
  "defAllowInsecure": false,
  "subItem": [
    {
      "id": "128023a4-d53d-4dc2-b40e-6af267c435ea",
      "remarks": "import sub",
      "url": "https://github.com/2dust/v2rayN/releases/download/3.21/v2rayN-Core.zip",
      "enabled": true
    },
    {
      "id": "3028dc71-76df-4f0f-a55b-8d69fe8e1f5b",
      "remarks": "import sub",
      "url": "https://wy.ydlrqx.com/proxy.pac",
      "enabled": true
    }
  ],
  "uiItem": {
    "mainSize": "968, 631",
    "mainLvColWidth": {
      "def": 30,
      "configType": 80,
      "remarks": 100,
      "address": 120,
      "port": 50,
      "security": 90,
      "network": 70,
      "subRemarks": 50,
      "testResult": 70
    }
  },
  "userPacRule": []
}